{"cameraMode":{"drawMode":0,"name":"Shaded","section":"Shading Mode"},"sceneLighting":false,"audioPlay":false,"sceneViewState":{"m_AlwaysRefresh":false,"showFog":true,"showSkybox":true,"showFlares":true,"showImageEffects":true,"showParticleSystems":true,"showVisualEffectGraphs":true,"m_FxEnabled":true},"in2DMode":false,"pivot":{"x":-0.06350045651197434,"y":0.2505165934562683,"z":-0.2093706876039505},"rotation":{"x":-0.09727766364812851,"y":0.1766812652349472,"z":-0.017550794407725335,"w":-0.9792936444282532},"size":0.4531297981739044,"orthographic":true}